Job Role,Location
Senior Python Developer,"Stewartbury, AA"
Energy engineer,"Christopherville, AA"
Legal executive,"Port Ericaburgh, AA"
Fitness centre manager,"East Seanview, AP"
Product manager,"North Jamieview, AP"
Medical technical officer,"Davidville, AP"
Physiological scientist,"South Christopher, AE"
Textile designer,"Port Jonathan, AE"
Television floor manager,"Osbornetown, AE"
Waste management officer,"Scotttown, AP"
Software Engineer (Python),"Ericberg, AE"
Interpreter,"Ramireztown, AE"
Architect,"Figueroaview, AA"
Meteorologist,"Kelseystad, AA"
Audiological scientist,"Williamsburgh, AE"
English as a second language teacher,"Mitchellburgh, AE"
Surgeon,"West Jessicabury, AA"
Equities trader,"Maloneshire, AE"
Newspaper journalist,"Johnsonton, AA"
Materials engineer,"South Davidtown, AP"
Python Programmer (Entry-Level),"Port Sara, AE"
Product/process development scientist,"Marktown, AA"
"Scientist, research (maths)","Laurenland, AE"
Ecologist,"Lauraton, AP"
Materials engineer,"South Tammyberg, AP"
Historic buildings inspector/conservation officer,"North Brandonville, AP"
Data scientist,"Port Robertfurt, AA"
Psychiatrist,"Burnettbury, AE"
Structural engineer,"Herbertside, AA"
Immigration officer,"Christopherport, AP"
Python Programmer (Entry-Level),"West Victor, AE"
Neurosurgeon,"Port Aaron, AP"
Broadcast engineer,"Loribury, AA"
Make,"Angelastad, AP"
"Nurse, adult","Larrytown, AE"
Air broker,"West Colin, AP"
"Editor, film/video","West Stephanie, AP"
"Production assistant, radio","Laurentown, AP"
"Engineer, communications","Wrightberg, AP"
Sales executive,"Alberttown, AE"
Software Developer (Python),"Brockburgh, AE"
Futures trader,"North Jason, AE"
Tour manager,"Arnoldhaven, AE"
Cytogeneticist,"Lake Destiny, AP"
"Designer, multimedia","South Timothyburgh, AP"
Trade union research officer,"New Jimmyton, AE"
"Chemist, analytical","New Lucasbury, AP"
"Programmer, multimedia","Port Cory, AE"
"Engineer, broadcasting (operations)","Gileston, AA"
"Teacher, primary school","Cindyshire, AA"
Python Developer,"East Michaelfort, AA"
Manufacturing systems engineer,"Joybury, AE"
"Producer, television/film/video","Emmatown, AE"
"Scientist, forensic","Colehaven, AP"
Bonds trader,"Port Coryton, AE"
Editorial assistant,"Amyborough, AA"
Photographer,"Reynoldsville, AA"
Retail banker,"Port Billy, AP"
Jewellery designer,"Adamburgh, AA"
Ophthalmologist,"Wilsonmouth, AA"
"Back-End Web Developer (Python, Django)","South Kimberly, AA"
Licensed conveyancer,"Benjaminland, AP"
Futures trader,"Zacharyport, AA"
Counselling psychologist,"Port Devonville, AE"
Insurance underwriter,"East Thomas, AE"
"Engineer, automotive","New Jeffrey, AP"
"Producer, radio","Davidside, AA"
Dispensing optician,"Jamesville, AA"
"Designer, fashion/clothing","New Kelly, AP"
Chartered loss adjuster,"Lake Antonio, AA"
"Back-End Web Developer (Python, Django)","New Elizabethside, AA"
Forest/woodland manager,"Millsbury, AE"
Clinical cytogeneticist,"Lloydton, AP"
Print production planner,"Port Jeremy, AA"
Systems developer,"New Elizabethtown, AA"
Graphic designer,"Charlesstad, AE"
Writer,"Josephbury, AE"
Field seismologist,"Seanfurt, AA"
Chief Strategy Officer,"Williambury, AA"
Air cabin crew,"South Jorgeside, AP"
Python Programmer (Entry-Level),"Robertborough, AP"
Warden/ranger,"South Saratown, AP"
Sports therapist,"Hullview, AA"
Arts development officer,"Philipland, AP"
Printmaker,"North Patty, AE"
Health and safety adviser,"North Stephen, AE"
Manufacturing systems engineer,"Stevensland, AP"
"Programmer, applications","Reyesstad, AE"
Medical physicist,"Bellberg, AP"
Media planner,"North Johnland, AE"
Software Developer (Python),"Martinezburgh, AE"
"Surveyor, land/geomatics","Joshuatown, AE"
Legal executive,"West Ericstad, AA"
"Librarian, academic","Tuckertown, AE"
Barrister,"Perezton, AE"
Museum/gallery exhibitions officer,"Lake Abigail, AE"
"Radiographer, diagnostic","Jacobshire, AP"
Database administrator,"Port Susan, AE"
Furniture designer,"North Tiffany, AA"
Ship broker,"Michelleville, AP"
